id,dist
,43.295006
,83.941055
,86.200806
,218.0244
