id,distboat
,217.4391
,646.76434
,137.45303
,394.58176
