id,distboat
3,49.713703
,185.75163
